Problem,N,Comparison,MeanDiff,Diff_95CI,Improved_Seeds,Worsened_Seeds,Tied_Seeds
bb1,18,XY-FMQAOA-variant vs XY-FMQAOA,-0.011551811248596356,0.01743736024860462,2,0,8
bb1,21,XY-FMQAOA-variant vs XY-FMQAOA,-0.014931384005219494,0.04167472523316089,4,2,4
bb1,24,XY-FMQAOA-variant vs XY-FMQAOA,0.012284142281954676,0.02758231383845299,3,5,2
bb1,27,XY-FMQAOA-variant vs XY-FMQAOA,0.007693220192572642,0.038323013746492426,5,4,1
bb2,18,XY-FMQAOA-variant vs XY-FMQAOA,0.0007429509657495036,0.03863662612020732,3,4,3
bb2,21,XY-FMQAOA-variant vs XY-FMQAOA,0.0026927264550492503,0.017695373546430467,3,2,5
bb2,24,XY-FMQAOA-variant vs XY-FMQAOA,-0.0027498427635090613,0.03446467857030344,3,4,3
bb2,27,XY-FMQAOA-variant vs XY-FMQAOA,-0.002458086755489647,0.02985045931149842,3,4,3
bb1,18,LargePenalty-FMQA-variant vs LargePenalty-FMQA,-0.0036535297701890423,0.022754367653301116,1,1,8
bb1,21,LargePenalty-FMQA-variant vs LargePenalty-FMQA,-0.0014423757950128024,0.017730326030236748,4,2,4
bb1,24,LargePenalty-FMQA-variant vs LargePenalty-FMQA,-0.014066240347626014,0.04008950473812971,5,3,2
bb1,27,LargePenalty-FMQA-variant vs LargePenalty-FMQA,-0.006387035752731167,0.03440623287647694,3,5,2
bb2,18,LargePenalty-FMQA-variant vs LargePenalty-FMQA,0.017793123109765486,0.028942463517958178,1,3,6
bb2,21,LargePenalty-FMQA-variant vs LargePenalty-FMQA,-0.012421814237785222,0.02489058265896309,3,0,7
bb2,24,LargePenalty-FMQA-variant vs LargePenalty-FMQA,-0.005617299225415491,0.04097592550058241,6,3,1
bb2,27,LargePenalty-FMQA-variant vs LargePenalty-FMQA,0.004048710213307896,0.030590751060302016,3,3,4
