Problem,N,Solver,MedianRegret,IQR_Q1,IQR_Q3,TargetRate,MeanRuntime,Count
bb1,18,LargePenalty-FMQA,0.0,0.0,0.013350167000826672,0.8,3.8883163457969205,10
bb1,18,LargePenalty-FMQA-variant,0.0,0.0,0.013350167000826672,0.9,4.6506603417976295,10
bb1,18,XY-FMQAOA,0.008900111333884448,0.0,0.0504459176835478,0.7,65.026959045697,10
bb1,18,XY-FMQAOA-variant,0.0,0.0,0.030815712088872797,0.9,68.27552454159596,10
bb1,21,LargePenalty-FMQA,0.049525228716113256,0.019965733858718006,0.0798638471473468,0.5,4.361294004291994,10
bb1,21,LargePenalty-FMQA-variant,0.04227111972061059,0.02680858653865518,0.06163512462142284,0.5,5.129871454302338,10
bb1,21,XY-FMQAOA,0.037833373810789606,0.017607850666071994,0.09542515531394541,0.6,145.39402621250483,10
bb1,21,XY-FMQAOA-variant,0.02183480856868423,0.016928215055535902,0.061098598739226254,0.7,147.73141820400195,10
bb1,24,LargePenalty-FMQA,0.033403206707358093,0.0008206963191372175,0.06863295144785432,0.5,4.300104262496461,10
bb1,24,LargePenalty-FMQA-variant,0.03138194999347203,0.0024670976759093035,0.04675933224714112,0.8,4.892145037295995,10
bb1,24,XY-FMQAOA,0.022714635742406935,0.003756150643009751,0.054915619900630694,0.7,399.8797145333985,10
bb1,24,XY-FMQAOA-variant,0.05139858549824075,0.014549452047188202,0.06763082876103883,0.5,407.9196227500943,10
bb1,27,LargePenalty-FMQA,0.08892089121516206,0.018488113015098645,0.1190869960641163,0.4,5.357283520800411,10
bb1,27,LargePenalty-FMQA-variant,0.0980916803759172,0.032814811330894464,0.11958506386181478,0.3,6.099892083299347,10
bb1,27,XY-FMQAOA,0.024875590626515037,0.01011291758074032,0.05522924085710787,0.6,1544.5087599958993,10
bb1,27,XY-FMQAOA-variant,0.03025024557116447,0.006802348847331471,0.06302940465773978,0.6,1522.8246686625002,10
bb2,18,LargePenalty-FMQA,0.0,0.0,9.92254174813783e-17,0.9,4.314010766404681,10
bb2,18,LargePenalty-FMQA-variant,0.0045263000313711076,0.0,0.06115747603759233,0.7,4.9531437499070305,10
bb2,18,XY-FMQAOA,0.0045263000313711076,0.0,0.06115747603759233,0.7,53.278746166700145,10
bb2,18,XY-FMQAOA-variant,0.009332064756459712,0.0018463136068900654,0.05965074128915321,0.7,54.732794558192836,10
bb2,21,LargePenalty-FMQA,0.0010459558199239617,1.881378664177542e-16,0.03667350125228011,0.8,4.5632609790045535,10
bb2,21,LargePenalty-FMQA-variant,6.547522775746909e-09,1.0489523677232208e-16,0.02067680522469839,1.0,5.169199637603015,10
bb2,21,XY-FMQAOA,6.547522775746909e-09,9.251807381394865e-17,0.013298290848661083,1.0,117.65139977489598,10
bb2,21,XY-FMQAOA-variant,2.293052425332783e-16,9.210703961597299e-17,4.131811057730777e-05,0.9,121.75877386259963,10
bb2,24,LargePenalty-FMQA,0.09049511702718288,0.022786524193746053,0.12393998120427313,0.4,4.527914695904474,10
bb2,24,LargePenalty-FMQA-variant,0.08128902260760991,0.025195871253652163,0.11091479503819122,0.4,5.190230529598193,10
bb2,24,XY-FMQAOA,0.06375481371940626,0.0075599167255887365,0.12631210168261378,0.5,337.11546714999713,10
bb2,24,XY-FMQAOA-variant,0.06535505953499725,0.02029599886511925,0.09731319429203945,0.5,352.546470166705,10
bb2,27,LargePenalty-FMQA,0.04995795644087611,0.04242973897722287,0.06396631924627312,0.5,5.2496747458033495,10
bb2,27,LargePenalty-FMQA-variant,0.06162942479780999,0.02267568047106399,0.08226438553200575,0.3,6.037355712402496,10
bb2,27,XY-FMQAOA,0.0350899096162871,0.0,0.0889231521056005,0.5,1148.3254874873032,10
bb2,27,XY-FMQAOA-variant,0.019139493814445553,0.0,0.08414833368449352,0.7,1177.937304454003,10
